{
  "id": 1,
  "name": "Green Fields",
  "music": "grass",
  "width": 2000,
  "height": 720,
  "npcs": [],
  "portals": [
	{
		"id": 0,
		"x": 1750,
		"y": 325,
		"destMapId": 2,
		"destMapPortal": 0,
		"script": "levelBlock"
	},
	{
		"id": 1,
		"x": 250,
		"y": 325,
		"destMapId": 1,
		"destMapPortal": 2
	},
	{
		"id": 2,
		"x": 1500,
		"y": 325,
		"destMapId": 1,
		"destMapPortal": 1
	}
  ],
  "footholds": [
	{
		"x1": 0,
		"y1": 538,
		"x2": 2000,
		"y2": 538
	}
  ]
}